beat_index;bar;beat_in_bar;time_s;strength;strength_norm;accent;section;active_line_id;nearest_line_id;nearest_line_offset_ms
1;1;2;0.000000;0.000000;0.0000;light;intro_spoken;001;001;0
2;1;3;0.371519;15.536525;0.8529;strong;intro_spoken;001;002;-20
3;1;4;0.766259;9.489100;0.4566;light;intro_spoken;002;002;374
4;1;1;1.207438;17.899736;1.0000;strong;intro_spoken;002;002;815
5;1;2;1.602177;4.808045;0.1499;light;intro_spoken;002;002;1210
6;1;3;2.066576;1.926804;0.0000;light;intro_spoken;002;003;-994
7;1;4;2.507755;0.311098;0.0000;light;intro_spoken;002;003;-553
8;2;1;2.948934;0.000000;0.0000;strong;intro_spoken;002;003;-112
9;2;2;3.390113;18.511988;1.0000;strong;intro_spoken;003;003;329
10;2;3;3.808073;3.803233;0.0840;light;intro_spoken;003;003;747
11;2;4;4.226032;1.162889;0.0000;light;intro_spoken;003;003;1165
12;3;1;4.643991;2.800340;0.0183;strong;intro_spoken;003;004;-1556
13;3;2;5.085170;4.045065;0.0999;light;intro_spoken;003;004;-1115
14;3;3;5.503129;3.941652;0.0931;light;intro_spoken;003;004;-697
15;3;4;5.944308;2.316723;0.0000;light;intro_spoken;003;004;-256
16;4;1;6.385488;13.883972;0.7446;strong;intro_spoken;004;004;185
17;4;2;6.849887;6.426175;0.2559;light;intro_spoken;004;004;650
18;4;3;7.267846;0.250406;0.0000;light;intro_spoken;004;004;1068
19;4;4;7.662585;0.000000;0.0000;light;intro_spoken;004;004;1463
20;5;1;8.057324;10.484682;0.5219;strong;intro_spoken;004;005;-1603
21;5;2;8.428844;5.502768;0.1954;light;intro_spoken;004;005;-1231
22;5;3;8.870023;9.435327;0.4531;light;intro_spoken;004;005;-790
23;5;4;9.311202;3.327306;0.0528;light;intro_spoken;004;005;-349
24;6;1;9.752381;8.927409;0.4198;strong;intro_spoken;005;005;92
25;6;2;10.193560;3.654142;0.0743;light;intro_spoken;005;005;534
26;6;3;10.634739;11.533114;0.5906;medium;intro_spoken;005;005;975
27;6;4;11.075918;1.496495;0.0000;light;intro_spoken;005;005;1416
28;7;1;11.540317;3.829704;0.0858;strong;intro_spoken;005;006;-1580
29;7;2;11.958277;16.550571;0.9194;strong;intro_spoken;005;006;-1162
30;7;3;12.399456;21.097839;1.0000;strong;intro_spoken;005;006;-721
31;7;4;12.863855;22.368792;1.0000;strong;intro_spoken;005;006;-256
32;8;1;13.235374;3.638949;0.0733;strong;intro_spoken;006;006;115
33;8;2;13.653333;17.120152;0.9567;strong;intro_spoken;006;006;533
34;8;3;14.048073;6.382090;0.2530;light;intro_spoken;006;006;928
35;8;4;14.442812;9.406265;0.4512;light;intro_spoken;006;006;1323
36;9;1;14.883991;9.500955;0.4574;strong;intro_spoken;006;007;-1539
37;9;2;15.348390;0.000000;0.0000;light;intro_spoken;006;007;-1075
38;9;3;15.789569;8.010740;0.3598;light;intro_spoken;006;007;-633
39;9;4;16.207528;0.000000;0.0000;light;intro_spoken;006;007;-215
40;10;1;16.648707;14.635473;0.7939;strong;intro_spoken;007;007;226
41;10;2;17.113107;1.467525;0.0000;light;intro_spoken;007;007;690
42;10;3;17.554286;0.000000;0.0000;light;intro_spoken;007;007;1131
43;10;4;17.995465;0.000000;0.0000;light;intro_spoken;007;007;1572
44;11;1;18.436644;8.256046;0.3758;strong;intro_spoken;007;007;2014
45;11;2;18.877823;13.107488;0.6937;medium;intro_spoken;007;008;-1582
46;11;3;19.319002;14.172855;0.7636;medium;intro_spoken;007;008;-1141
47;11;4;19.760181;11.026115;0.5574;medium;intro_spoken;007;008;-700
48;12;1;20.201361;11.958988;0.6185;strong;intro_spoken;007;008;-259
49;12;2;20.642540;6.496125;0.2605;light;intro_sung;008;008;183
50;12;3;21.083719;7.025350;0.2952;light;intro_sung;009;009;206
51;12;4;21.548118;8.277081;0.3772;light;intro_sung;009;009;670
52;13;1;21.989297;8.379751;0.3839;strong;intro_sung;009;009;1111
53;13;2;22.430476;4.498022;0.1296;light;intro_sung;009;009;1552
54;13;3;22.871655;16.775768;0.9341;strong;intro_sung;009;010;-1347
55;13;4;23.312834;24.321804;1.0000;strong;intro_sung;009;010;-906
56;14;1;23.754014;23.043810;1.0000;strong;intro_sung;009;010;-465
57;14;2;24.218413;5.666836;0.2062;light;intro_sung;009;010;-1
58;14;3;24.636372;10.978371;0.5542;medium;intro_sung;010;010;417
59;14;4;25.077551;10.172935;0.5014;medium;intro_sung;010;010;859
60;15;1;25.541950;15.378052;0.8425;strong;intro_sung;010;010;1323
61;15;2;25.983129;5.777301;0.2134;light;intro_sung;010;011;-1577
62;15;3;26.424308;5.432382;0.1908;light;intro_sung;010;011;-1136
63;15;4;26.865488;27.517151;1.0000;strong;intro_sung;010;011;-695
64;16;1;27.306667;22.787319;1.0000;strong;intro_sung;010;011;-253
65;16;2;27.771066;5.217646;0.1767;light;intro_sung;011;011;211
66;16;3;28.212245;9.938910;0.4861;medium;intro_sung;011;011;652
67;16;4;28.653424;14.251358;0.7687;medium;intro_sung;011;011;1093
68;17;1;29.094603;19.292408;1.0000;strong;intro_sung;011;012;-1465
69;17;2;29.535782;7.221582;0.3080;light;intro_sung;011;012;-1024
70;17;3;29.976961;18.877308;1.0000;strong;intro_sung;011;012;-583
71;17;4;30.418141;26.750528;1.0000;strong;intro_sung;011;012;-142
72;18;1;30.859320;27.316175;1.0000;strong;intro_sung;012;012;299
73;18;2;31.323719;8.684290;0.4039;light;intro_sung;012;012;764
74;18;3;31.764898;12.195040;0.6340;medium;intro_sung;012;012;1205
75;18;4;32.182857;15.383170;0.8429;strong;intro_sung;012;013;-1377
76;19;1;32.647256;21.055689;1.0000;strong;intro_sung;012;013;-913
77;19;2;33.088435;5.472563;0.1934;light;intro_sung;012;013;-472
78;19;3;33.529615;10.321547;0.5112;medium;intro_sung;012;013;-30
79;19;4;33.970794;10.220095;0.5045;medium;intro_sung;013;013;411
80;20;1;34.411973;23.612400;1.0000;strong;intro_sung;013;013;852
81;20;2;34.876372;2.254117;0.0000;light;intro_sung;013;013;1316
82;20;3;35.317551;0.000000;0.0000;light;intro_sung;013;013;1758
83;20;4;35.758730;10.315305;0.5108;medium;intro_sung;013;014;-1801
84;21;1;36.199909;10.299404;0.5097;strong;intro_sung;013;014;-1360
85;21;2;36.641088;4.497772;0.1295;light;intro_sung;013;014;-919
86;21;3;37.082268;2.363417;0.0000;light;intro_sung;013;014;-478
87;21;4;37.546667;11.279608;0.5740;medium;intro_sung;013;014;-13
88;22;1;37.987846;10.905943;0.5495;strong;intro_sung;014;014;428
89;22;2;38.429025;6.713967;0.2748;light;intro_sung;014;014;869
90;22;3;38.870204;8.698668;0.4048;light;intro_sung;014;014;1310
91;22;4;39.311383;11.514580;0.5894;medium;intro_sung;014;014;1751
92;23;1;39.752562;16.256371;0.9001;strong;intro_sung;014;015;-1807
93;23;2;40.193741;5.016380;0.1635;light;intro_sung;014;015;-1366
94;23;3;40.634921;3.419708;0.0589;light;intro_sung;014;015;-925
95;23;4;41.099320;10.824289;0.5441;medium;intro_sung;014;015;-461
96;24;1;41.540499;11.002863;0.5558;strong;intro_sung;014;015;-20
97;24;2;41.981678;8.050705;0.3624;light;intro_sung;015;015;422
98;24;3;42.422857;12.711507;0.6678;medium;intro_sung;015;015;863
99;24;4;42.864036;12.512612;0.6548;medium;intro_sung;015;015;1304
100;25;1;43.328435;9.496675;0.4571;strong;intro_sung;015;015;1768
101;25;2;43.769615;5.834248;0.2171;light;intro_sung;015;016;-1371
102;25;3;44.210794;9.343546;0.4471;light;intro_sung;015;016;-930
103;25;4;44.651973;11.349438;0.5785;medium;intro_sung;015;016;-489
104;26;1;45.093152;10.093319;0.4962;strong;intro_sung;015;016;-48
105;26;2;45.557551;0.000000;0.0000;light;intro_sung;016;016;417
106;26;3;46.045170;3.789768;0.0832;light;intro_sung;016;016;904
107;26;4;46.463129;1.290910;0.0000;light;intro_sung;016;016;1322
108;27;1;46.881088;5.792591;0.2144;strong;intro_sung;016;017;-1679
109;27;2;47.322268;7.281817;0.3120;light;intro_sung;016;017;-1238
110;27;3;47.763447;12.955072;0.6838;medium;intro_sung;016;017;-797
111;27;4;48.204626;17.587746;0.9873;strong;intro_sung;016;017;-355
112;28;1;48.645805;21.797026;1.0000;strong;verse_1;017;017;86
113;28;2;49.086984;2.114139;0.0000;light;verse_1;018;018;333
114;28;3;49.504943;2.796120;0.0180;light;verse_1;018;018;751
115;28;4;49.969342;11.386894;0.5810;medium;verse_1;018;019;-335
116;29;1;50.433741;8.567054;0.3962;strong;verse_1;019;019;130
117;29;2;50.874921;9.088747;0.4304;light;verse_1;019;019;571
118;29;3;51.316100;12.535754;0.6563;medium;verse_1;019;020;-539
119;29;4;51.757279;17.519077;0.9828;strong;verse_1;019;020;-98
120;30;1;52.198458;9.569692;0.4619;strong;verse_1;020;020;343
121;30;2;52.662857;5.199040;0.1755;light;verse_1;020;020;808
122;30;3;53.104036;7.705983;0.3398;light;verse_1;020;021;-456
123;30;4;53.545215;12.128994;0.6296;medium;verse_1;020;021;-15
124;31;1;53.986395;13.707870;0.7331;strong;verse_1;021;021;426
125;31;2;54.427574;11.168940;0.5667;medium;verse_1;021;021;868
126;31;3;54.868753;14.218410;0.7665;medium;verse_1;021;022;-691
127;31;4;55.309932;18.669205;1.0000;strong;verse_1;021;022;-250
128;32;1;55.751111;14.565082;0.7893;strong;verse_1;022;022;191
129;32;2;56.215510;8.773071;0.4097;light;verse_1;022;022;656
130;32;3;56.633469;23.842300;1.0000;strong;verse_1;022;023;-927
131;32;4;57.097868;14.233263;0.7675;medium;verse_1;022;023;-462
132;33;1;57.539048;15.610065;0.8577;strong;verse_1;022;023;-21
133;33;2;57.980227;2.122807;0.0000;light;verse_1;023;023;420
134;33;3;58.398186;5.817921;0.2161;light;verse_1;023;023;838
135;33;4;58.862585;3.581130;0.0695;light;verse_1;023;024;-697
136;34;1;59.303764;12.859085;0.6775;strong;verse_1;023;024;-256
137;34;2;59.768163;9.777432;0.4755;light;verse_1;024;024;208
138;34;3;60.209342;13.276379;0.7048;medium;verse_1;024;024;649
139;34;4;60.650522;16.403637;0.9097;strong;verse_1;024;025;-659
140;35;1;61.091701;16.533415;0.9183;strong;verse_1;024;025;-218
141;35;2;61.532880;3.677578;0.0758;light;verse_1;025;025;223
142;35;3;61.974059;15.839295;0.8728;strong;verse_1;025;025;664
143;35;4;62.415238;14.247225;0.7684;medium;verse_1;025;026;-645
144;36;1;62.856417;12.814581;0.6746;strong;verse_1;025;026;-204
145;36;2;63.320816;5.500904;0.1953;light;verse_1;026;026;261
146;36;3;63.761995;13.697394;0.7324;medium;verse_1;026;026;702
147;36;4;64.203175;13.235142;0.7021;medium;verse_1;026;027;-607
148;37;1;64.644354;11.594702;0.5946;strong;verse_1;026;027;-166
149;37;2;65.085533;0.000000;0.0000;light;verse_1;027;027;276
150;37;3;65.526712;7.810134;0.3466;light;verse_1;027;027;717
151;37;4;65.967891;15.213167;0.8317;strong;verse_1;027;028;-592
152;38;1;66.432290;8.780109;0.4102;strong;verse_1;027;028;-128
153;38;2;66.873469;2.272018;0.0000;light;verse_1;028;028;313
154;38;3;67.314649;0.008848;0.0000;light;verse_1;028;028;755
155;38;4;67.755828;5.926940;0.2232;light;verse_1;028;029;-752
156;39;1;68.220227;3.902147;0.0905;strong;verse_1;028;029;-288
157;39;2;68.661406;0.934471;0.0000;light;verse_1;029;029;153
158;39;3;69.125805;9.123038;0.4326;light;verse_1;029;029;618
159;39;4;69.543764;4.358342;0.1204;light;verse_1;029;029;1036
160;40;1;69.984943;9.615325;0.4649;strong;verse_1;029;030;-958
161;40;2;70.426122;9.074185;0.4294;light;verse_1;029;030;-517
162;40;3;70.867302;14.279298;0.7705;medium;verse_1;029;030;-76
163;40;4;71.308481;8.912409;0.4188;light;pre_chorus_1;031;031;61
164;41;1;71.749660;14.410101;0.7791;strong;pre_chorus_1;031;031;503
165;41;2;72.214059;4.874095;0.1542;light;pre_chorus_1;031;031;967
166;41;3;72.655238;5.790307;0.2143;light;pre_chorus_1;031;032;-905
167;41;4;73.096417;11.283661;0.5742;medium;pre_chorus_1;031;032;-464
168;42;1;73.537596;9.520698;0.4587;strong;pre_chorus_1;031;032;-22
169;42;2;73.978776;3.425365;0.0593;light;pre_chorus_1;032;032;419
170;42;3;74.419955;8.761912;0.4090;light;pre_chorus_1;032;032;860
171;42;4;74.861134;9.958036;0.4874;medium;pre_chorus_1;032;032;1301
172;43;1;75.325533;9.139082;0.4337;strong;pre_chorus_1;032;033;-1567
173;43;2;75.766712;3.319103;0.0523;light;pre_chorus_1;032;033;-1126
174;43;3;76.207891;4.816673;0.1504;light;pre_chorus_1;032;033;-685
175;43;4;76.649070;7.196737;0.3064;light;pre_chorus_1;032;033;-244
176;44;1;77.090249;8.261759;0.3762;strong;pre_chorus_1;033;033;197
177;44;2;77.531429;6.048998;0.2312;light;pre_chorus_1;033;033;638
178;44;3;77.972608;3.135120;0.0403;light;pre_chorus_1;033;033;1080
179;44;4;78.413787;7.557169;0.3300;light;pre_chorus_1;033;033;1521
180;45;1;78.854966;10.804445;0.5428;strong;pre_chorus_1;033;034;-1547
181;45;2;79.296145;22.593601;1.0000;strong;pre_chorus_1;033;034;-1106
182;45;3;79.783764;4.902597;0.1561;light;pre_chorus_1;033;034;-618
183;45;4;80.201723;24.741043;1.0000;strong;pre_chorus_1;033;034;-200
184;46;1;80.642902;22.388117;1.0000;strong;pre_chorus_1;034;034;241
185;46;2;81.060862;17.409767;0.9757;strong;pre_chorus_1;034;034;659
186;46;3;81.525261;0.951634;0.0000;light;pre_chorus_1;034;034;1123
187;46;4;81.989660;3.128552;0.0398;light;pre_chorus_1;034;035;-1570
188;47;1;82.430839;12.450048;0.6507;strong;pre_chorus_1;034;035;-1129
189;47;2;82.872018;12.778563;0.6722;medium;pre_chorus_1;034;035;-688
190;47;3;83.313197;15.679092;0.8623;strong;pre_chorus_1;034;035;-247
191;47;4;83.754376;12.004715;0.6215;medium;chorus_1;035;036;-87
192;48;1;84.195556;7.386715;0.3189;strong;chorus_1;036;036;355
193;48;2;84.636735;7.212620;0.3075;light;chorus_1;036;037;-552
194;48;3;85.077914;7.539957;0.3289;light;chorus_1;036;037;-111
195;48;4;85.542313;6.344062;0.2505;light;chorus_1;037;037;353
196;49;1;85.983492;16.494434;0.9157;strong;chorus_1;037;038;-555
197;49;2;86.424671;3.929853;0.0923;light;chorus_1;037;038;-113
198;49;3;86.865850;12.433092;0.6496;medium;chorus_1;038;038;328
199;49;4;87.307029;13.025321;0.6884;medium;chorus_1;038;038;769
200;50;1;87.748209;14.175415;0.7637;strong;chorus_1;038;039;-812
201;50;2;88.212608;5.263637;0.1797;light;chorus_1;038;039;-347
202;50;3;88.630567;14.593738;0.7911;strong;chorus_1;039;039;71
203;50;4;89.094966;13.819857;0.7404;medium;chorus_1;039;040;-404
204;51;1;89.536145;13.676992;0.7311;strong;chorus_1;040;040;37
205;51;2;89.977324;5.291975;0.1816;light;chorus_1;040;041;-461
206;51;3;90.418503;12.437368;0.6498;medium;chorus_1;040;041;-19
207;51;4;90.859683;14.194956;0.7650;medium;chorus_1;041;041;422
208;52;1;91.300862;15.867734;0.8746;strong;chorus_1;041;042;-674
209;52;2;91.765261;5.638097;0.2043;light;chorus_1;041;042;-210
210;52;3;92.183220;13.089023;0.6925;medium;chorus_1;042;042;208
211;52;4;92.647619;10.221180;0.5046;medium;chorus_1;042;043;-351
212;53;1;93.088798;13.818964;0.7404;strong;chorus_1;043;043;90
213;53;2;93.529977;6.322116;0.2491;light;chorus_1;043;044;-493
214;53;3;93.971156;10.657480;0.5332;medium;chorus_1;043;044;-52
215;53;4;94.412336;13.469727;0.7175;medium;chorus_1;044;044;389
216;54;1;94.853515;16.623180;0.9241;strong;chorus_1;044;045;-706
217;54;2;95.317914;4.217687;0.1112;light;chorus_1;044;045;-242
218;54;3;95.759093;9.940584;0.4862;medium;chorus_1;045;045;199
219;54;4;96.200272;11.725607;0.6032;medium;chorus_1;045;046;-86
220;55;1;96.641451;13.924343;0.7473;strong;chorus_1;046;046;355
221;55;2;97.105850;4.142021;0.1062;light;chorus_1;047;047;94
222;55;3;97.547029;7.804085;0.3462;light;chorus_1;047;047;535
223;55;4;97.964989;4.279538;0.1152;light;chorus_1;047;048;-235
224;56;1;98.406168;14.951639;0.8146;strong;instrumental;049;049;41
225;56;2;98.870567;3.940594;0.0930;light;instrumental;049;049;506
226;56;3;99.311746;15.363146;0.8416;strong;instrumental;049;050;-241
227;56;4;99.752925;11.351461;0.5787;medium;instrumental;050;050;200
228;57;1;100.217324;8.138352;0.3681;strong;instrumental;050;051;-525
229;57;2;100.658503;8.002743;0.3592;light;instrumental;050;051;-83
230;57;3;101.099683;12.331546;0.6429;medium;instrumental;051;051;358
231;57;4;101.540862;12.869126;0.6781;medium;instrumental;051;052;-323
232;58;1;101.982041;15.428657;0.8459;strong;instrumental;052;052;118
233;58;2;102.423220;7.639181;0.3354;light;instrumental;052;052;559
234;58;3;102.864399;16.472836;0.9143;strong;instrumental;052;053;-320
235;58;4;103.305578;15.615656;0.8581;strong;instrumental;053;053;122
236;59;1;103.746757;12.865246;0.6779;strong;instrumental;053;053;563
237;59;2;104.211156;10.588990;0.5287;medium;instrumental;053;054;-161
238;59;3;104.652336;14.610981;0.7923;strong;instrumental;054;054;280
239;59;4;105.093515;16.081364;0.8886;strong;instrumental;054;055;-466
240;60;1;105.534694;17.820507;1.0000;strong;instrumental;054;055;-25
241;60;2;105.975873;2.020771;0.0000;light;verse_2;055;056;-325
242;60;3;106.417052;10.084089;0.4956;medium;verse_2;056;056;116
243;60;4;106.881451;7.559476;0.3302;light;verse_2;056;056;580
244;61;1;107.322630;9.798822;0.4769;strong;verse_2;056;056;1022
245;61;2;107.763810;6.409651;0.2548;light;verse_2;056;056;1463
246;61;3;108.204989;7.397539;0.3196;light;verse_2;056;056;1904
247;61;4;108.646168;10.080862;0.4954;medium;verse_2;056;056;2345
248;62;1;109.087347;8.962597;0.4221;strong;verse_2;056;056;2786
249;62;2;109.551746;3.282701;0.0499;light;verse_2;056;057;-2378
250;62;3;109.969705;12.047820;0.6243;medium;verse_2;056;057;-1960
251;62;4;110.410884;11.730768;0.6035;medium;verse_2;056;057;-1519
252;63;1;110.875283;11.993082;0.6207;strong;verse_2;056;057;-1055
253;63;2;111.316463;5.844928;0.2178;light;verse_2;056;057;-614
254;63;3;111.757642;6.561701;0.2648;light;verse_2;056;057;-172
255;63;4;112.198821;9.537436;0.4598;light;verse_2;057;057;269
256;64;1;112.640000;7.883658;0.3514;strong;verse_2;057;057;710
257;64;2;113.081179;6.735271;0.2762;light;verse_2;057;057;1151
258;64;3;113.522358;12.902918;0.6803;medium;verse_2;057;057;1592
259;64;4;113.986757;8.422502;0.3867;light;verse_2;057;057;2057
260;65;1;114.427937;6.717385;0.2750;strong;verse_2;057;057;2498
261;65;2;114.869116;6.529096;0.2627;light;verse_2;057;058;-2691
262;65;3;115.333515;12.845751;0.6766;medium;verse_2;057;058;-2226
263;65;4;115.774694;9.677044;0.4690;light;verse_2;057;058;-1785
264;66;1;116.192653;26.870169;1.0000;strong;verse_2;057;058;-1367
265;66;2;116.657052;4.460756;0.1271;light;verse_2;057;058;-903
266;66;3;117.098231;5.572760;0.2000;light;verse_2;057;058;-462
267;66;4;117.539410;10.524328;0.5245;medium;verse_2;057;058;-21
268;67;1;117.980590;13.281455;0.7051;strong;verse_2;058;058;421
269;67;2;118.444989;2.730552;0.0137;light;verse_2;058;058;885
270;67;3;118.886168;7.723016;0.3409;light;verse_2;058;059;-674
271;67;4;119.304127;15.953734;0.8803;strong;verse_2;058;059;-256
272;68;1;119.745306;22.684334;1.0000;strong;verse_2;059;059;185
273;68;2;120.209705;5.922169;0.2229;light;verse_2;059;059;650
274;68;3;120.650884;6.431166;0.2562;light;verse_2;059;060;-909
275;68;4;121.092063;9.658531;0.4677;light;verse_2;059;060;-468
276;69;1;121.533243;8.551779;0.3952;strong;verse_2;059;060;-27
277;69;2;121.974422;6.946054;0.2900;light;verse_2;060;060;414
278;69;3;122.415601;7.328767;0.3151;light;verse_2;060;060;856
279;69;4;122.856780;10.230970;0.5052;medium;verse_2;060;061;-506
280;70;1;123.297959;7.519121;0.3275;strong;verse_2;060;061;-65
281;70;2;123.739138;0.000000;0.0000;light;verse_2;061;061;376
282;70;3;124.203537;9.217633;0.4388;light;verse_2;061;062;-799
283;70;4;124.644717;17.300747;0.9685;strong;verse_2;061;062;-358
284;71;1;125.085896;11.446754;0.5849;strong;verse_2;062;062;83
285;71;2;125.527075;6.145953;0.2376;light;verse_2;062;062;524
286;71;3;125.968254;6.306698;0.2481;light;verse_2;062;063;-592
287;71;4;126.409433;14.264618;0.7696;medium;verse_2;062;063;-151
288;72;1;126.850612;17.181236;0.9607;strong;verse_2;063;063;291
289;72;2;127.315011;8.211466;0.3729;light;verse_2;063;063;755
290;72;3;127.756190;8.425982;0.3870;light;verse_2;063;064;-528
291;72;4;128.197370;16.730114;0.9311;strong;verse_2;063;064;-87
292;73;1;128.638549;9.493019;0.4569;strong;verse_2;064;064;355
293;73;2;129.102948;2.637699;0.0077;light;verse_2;064;064;819
294;73;3;129.520907;14.594030;0.7912;strong;verse_2;064;065;-401
295;73;4;129.985306;10.530895;0.5249;medium;verse_2;065;065;63
296;74;1;130.426485;10.867346;0.5470;strong;verse_2;065;065;504
297;74;2;130.867664;2.336038;0.0000;light;verse_2;065;066;-692
298;74;3;131.308844;9.526726;0.4591;light;verse_2;065;066;-251
299;74;4;131.750023;14.674098;0.7964;strong;verse_2;066;066;190
300;75;1;132.191202;13.302147;0.7065;strong;verse_2;066;066;631
301;75;2;132.655601;7.508047;0.3268;light;verse_2;066;067;-904
302;75;3;133.073560;12.659708;0.6644;medium;verse_2;066;067;-486
303;75;4;133.537959;13.491911;0.7189;medium;verse_2;066;067;-22
304;76;1;133.979138;17.298302;0.9684;strong;verse_2;067;067;419
305;76;2;134.420317;1.574637;0.0000;light;verse_2;067;067;860
306;76;3;134.861497;9.902740;0.4837;medium;verse_2;067;068;-699
307;76;4;135.302676;10.889257;0.5484;medium;verse_2;067;068;-257
308;77;1;135.743855;14.180111;0.7640;strong;verse_2;068;068;184
309;77;2;136.208254;2.724744;0.0134;light;verse_2;068;068;648
310;77;3;136.649433;7.762143;0.3435;light;verse_2;068;069;-784
311;77;4;137.090612;12.042923;0.6240;medium;verse_2;068;069;-342
312;78;1;137.531791;13.930387;0.7477;strong;verse_2;069;069;99
313;78;2;137.972971;1.729254;0.0000;light;verse_2;069;069;540
314;78;3;138.414150;6.308492;0.2482;light;verse_2;069;070;-892
315;78;4;138.855329;9.599377;0.4639;light;verse_2;069;070;-451
316;79;1;139.319728;8.567039;0.3962;strong;verse_2;070;070;14
317;79;2;139.760907;2.452150;0.0000;light;verse_2;070;070;455
318;79;3;140.202086;0.384674;0.0000;light;verse_2;070;071;-583
319;79;4;140.643265;6.867492;0.2848;light;verse_2;070;071;-142
320;80;1;141.084444;1.593693;0.0000;strong;verse_2;071;071;299
321;80;2;141.525624;3.504325;0.0644;light;verse_2;071;071;741
322;80;3;141.990023;9.579921;0.4626;light;verse_2;071;072;-570
323;80;4;142.431202;6.087027;0.2337;light;verse_2;071;072;-129
324;81;1;142.872381;3.051308;0.0348;strong;pre_chorus_2;072;073;-36
325;81;2;143.313560;3.827368;0.0856;light;pre_chorus_2;073;073;406
326;81;3;143.754739;6.846216;0.2834;light;pre_chorus_2;073;073;847
327;81;4;144.195918;7.161858;0.3041;light;pre_chorus_2;073;074;-1216
328;82;1;144.637098;15.244797;0.8338;strong;pre_chorus_2;073;074;-775
329;82;2;145.101497;1.287554;0.0000;light;pre_chorus_2;073;074;-311
330;82;3;145.542676;1.752434;0.0000;light;pre_chorus_2;074;074;131
331;82;4;145.983855;7.503018;0.3265;light;pre_chorus_2;074;074;572
332;83;1;146.425034;9.990518;0.4895;strong;pre_chorus_2;074;074;1013
333;83;2;146.866213;2.229732;0.0000;light;pre_chorus_2;074;075;-1051
334;83;3;147.284172;10.101434;0.4968;medium;pre_chorus_2;074;075;-633
335;83;4;147.748571;10.011526;0.4909;medium;pre_chorus_2;074;075;-168
336;84;1;148.212971;9.617638;0.4651;strong;pre_chorus_2;075;075;296
337;84;2;148.654150;0.951795;0.0000;light;pre_chorus_2;075;075;737
338;84;3;149.095329;2.086197;0.0000;light;pre_chorus_2;075;075;1178
339;84;4;149.536508;8.375578;0.3837;light;pre_chorus_2;075;076;-1023
340;85;1;149.977687;4.984069;0.1614;strong;pre_chorus_2;075;076;-582
341;85;2;150.418866;5.246552;0.1786;light;pre_chorus_2;075;076;-141
342;85;3;150.836825;4.463504;0.1273;light;pre_chorus_2;076;076;277
343;85;4;151.301224;14.398790;0.7784;medium;pre_chorus_2;076;076;741
344;86;1;151.742404;13.453311;0.7164;strong;pre_chorus_2;076;076;1182
345;86;2;152.206803;17.214413;0.9629;strong;pre_chorus_2;076;076;1647
346;86;3;152.647982;1.599978;0.0000;light;pre_chorus_2;076;076;2088
347;86;4;153.089161;18.964148;1.0000;strong;pre_chorus_2;076;076;2529
348;87;1;153.530340;13.615142;0.7270;strong;pre_chorus_2;076;076;2970
349;87;2;153.948299;8.620736;0.3997;light;pre_chorus_2;076;077;-2758
350;87;3;154.412698;1.403946;0.0000;light;pre_chorus_2;076;077;-2293
351;87;4;154.853878;3.311702;0.0518;light;pre_chorus_2;076;077;-1852
352;88;1;155.318277;9.554234;0.4609;strong;pre_chorus_2;076;077;-1388
353;88;2;155.759456;11.980401;0.6199;medium;pre_chorus_2;076;077;-947
354;88;3;156.200635;13.680996;0.7313;medium;pre_chorus_2;076;077;-505
355;88;4;156.641814;15.495663;0.8502;strong;pre_chorus_2;076;077;-64
356;89;1;157.082993;12.211121;0.6350;strong;chorus_2;077;077;377
357;89;2;157.524172;1.532685;0.0000;light;chorus_2;077;078;-36
358;89;3;157.965351;12.880392;0.6789;medium;chorus_2;078;078;405
359;89;4;158.406531;0.145510;0.0000;light;chorus_2;078;079;-281
360;90;1;158.847710;16.391281;0.9089;strong;chorus_2;079;079;160
361;90;2;159.312109;6.679727;0.2725;light;chorus_2;079;080;-504
362;90;3;159.753288;9.767296;0.4749;light;chorus_2;079;080;-63
363;90;4;160.194467;9.522272;0.4588;light;chorus_2;080;080;378
364;91;1;160.635646;15.147175;0.8274;strong;chorus_2;080;080;820
365;91;2;161.076825;3.484899;0.0632;light;chorus_2;080;081;-483
366;91;3;161.518005;13.533032;0.7216;medium;chorus_2;080;081;-42
367;91;4;161.982404;12.396674;0.6472;medium;chorus_2;081;081;422
368;92;1;162.423583;10.724451;0.5376;strong;chorus_2;081;082;-57
369;92;2;162.864762;8.587272;0.3975;light;chorus_2;082;082;384
370;92;3;163.282721;13.593031;0.7256;medium;chorus_2;082;083;-119
371;92;4;163.747120;9.291147;0.4437;light;chorus_2;083;083;345
372;93;1;164.188299;16.094349;0.8895;strong;chorus_2;083;084;-780
373;93;2;164.652698;4.674179;0.1411;light;chorus_2;083;084;-315
374;93;3;165.093878;11.891560;0.6141;medium;chorus_2;084;084;126
375;93;4;165.535057;6.384882;0.2532;light;chorus_2;084;085;-446
376;94;1;165.976236;9.541617;0.4601;strong;chorus_2;084;085;-5
377;94;2;166.417415;3.096828;0.0377;light;chorus_2;085;085;436
378;94;3;166.858594;13.134388;0.6955;medium;chorus_2;085;086;-135
379;94;4;167.322993;8.799619;0.4115;light;chorus_2;086;086;329
380;95;1;167.764172;10.718336;0.5372;strong;chorus_2;086;086;770
381;95;2;168.205351;6.870850;0.2851;light;chorus_2;086;087;-355
382;95;3;168.646531;14.519108;0.7863;strong;chorus_2;087;087;87
383;95;4;169.087710;13.589062;0.7253;medium;chorus_2;087;088;-375
384;96;1;169.528889;11.252890;0.5722;strong;chorus_2;088;088;66
385;96;2;169.993288;3.676500;0.0757;light;chorus_2;088;089;-373
386;96;3;170.434467;4.996806;0.1623;light;chorus_2;089;089;68
387;96;4;170.875646;1.469613;0.0000;light;chorus_2;089;089;510
388;97;1;171.293605;20.032368;1.0000;strong;chorus_2;089;090;-608
389;97;2;171.758005;1.294537;0.0000;light;chorus_2;089;090;-144
390;97;3;172.222404;5.648433;0.2050;light;bridge;091;091;94
391;97;4;172.663583;2.885925;0.0239;light;bridge;091;091;536
392;98;1;173.104762;6.526169;0.2625;strong;bridge;091;092;-649
393;98;2;173.545941;5.201647;0.1757;light;bridge;091;092;-208
394;98;3;174.010340;7.191244;0.3061;light;bridge;092;092;256
395;98;4;174.428299;4.691009;0.1422;light;bridge;092;092;674
396;99;1;174.869478;1.658597;0.0000;strong;bridge;092;093;-691
397;99;2;175.310658;0.410308;0.0000;light;bridge;092;093;-249
398;99;3;175.775057;5.001620;0.1626;light;bridge;093;093;215
399;99;4;176.193016;4.136061;0.1058;light;bridge;093;093;633
400;100;1;176.634195;14.490973;0.7844;strong;bridge;093;094;-698
401;100;2;177.098594;6.219641;0.2424;light;bridge;093;094;-233
402;100;3;177.539773;12.420635;0.6487;medium;bridge;094;094;208
403;100;4;177.980952;6.347322;0.2508;light;bridge;094;094;649
404;101;1;178.422132;11.533590;0.5906;strong;bridge;094;095;-594
405;101;2;178.886531;0.500894;0.0000;light;bridge;094;095;-129
406;101;3;179.327710;4.966569;0.1603;light;bridge;095;095;312
407;101;4;179.768889;8.914664;0.4190;light;bridge;095;095;753
408;102;1;180.210068;12.633018;0.6627;strong;bridge;095;096;-578
409;102;2;180.651247;4.589437;0.1356;light;bridge;095;096;-137
410;102;3;181.092426;12.765067;0.6713;medium;bridge;096;096;304
411;102;4;181.533605;3.238083;0.0470;light;bridge;096;096;746
412;103;1;181.974785;9.751458;0.4738;strong;bridge;096;097;-585
413;103;2;182.415964;7.007115;0.2940;light;bridge;096;097;-144
414;103;3;182.880363;9.279164;0.4429;light;bridge;097;097;320
415;103;4;183.321542;6.122939;0.2360;light;bridge;097;097;762
416;104;1;183.762721;10.825022;0.5442;strong;bridge;097;097;1203
417;104;2;184.203900;16.139894;0.8925;strong;bridge;097;098;-856
418;104;3;184.691519;2.538014;0.0011;light;bridge;097;098;-368
419;104;4;185.179138;5.476895;0.1937;light;bridge;098;098;119
420;105;1;185.643537;0.000000;0.0000;strong;bridge;098;098;584
421;105;2;186.107937;2.128486;0.0000;light;bridge;098;098;1048
422;105;3;186.572336;5.391310;0.1881;light;bridge;098;099;-988
423;105;4;187.013515;10.460453;0.5203;medium;bridge;098;099;-546
424;106;1;187.477914;0.000000;0.0000;strong;bridge;098;099;-82
425;106;2;187.942313;1.253656;0.0000;light;shout;100;100;190
426;106;3;188.406712;15.470001;0.8486;strong;shout;100;101;-38
427;106;4;188.847891;6.712939;0.2747;light;verse_3;102;102;211
428;107;1;189.312290;0.900471;0.0000;strong;verse_3;102;102;675
429;107;2;189.753469;6.613535;0.2682;light;verse_3;102;103;-345
430;107;3;190.217868;4.398977;0.1231;light;verse_3;103;103;120
431;107;4;190.635828;10.299704;0.5098;medium;verse_3;103;103;538
432;108;1;191.077007;8.361982;0.3828;strong;verse_3;103;104;-483
433;108;2;191.518186;10.231305;0.5053;medium;verse_3;103;104;-42
434;108;3;191.959365;3.276261;0.0495;light;verse_3;104;104;399
435;108;4;192.400544;17.839016;1.0000;strong;verse_3;104;105;-817
436;109;1;192.841723;21.913820;1.0000;strong;verse_3;104;105;-376
437;109;2;193.306122;4.001661;0.0970;light;verse_3;105;105;88
438;109;3;193.747302;0.000000;0.0000;light;verse_3;105;105;529
439;109;4;194.165261;19.903751;1.0000;strong;verse_3;105;106;-895
440;110;1;194.629660;12.035543;0.6235;strong;verse_3;105;106;-430
441;110;2;195.070839;11.777457;0.6066;medium;verse_3;106;106;11
442;110;3;195.512018;12.200581;0.6343;medium;verse_3;106;106;452
443;110;4;195.976417;8.108664;0.3662;light;verse_3;106;107;-834
444;111;1;196.417596;10.927309;0.5509;strong;verse_3;106;107;-392
445;111;2;196.858776;5.653586;0.2053;light;verse_3;107;107;49
446;111;3;197.299955;7.675675;0.3378;light;verse_3;107;107;490
447;111;4;197.741134;12.228627;0.6362;medium;verse_3;107;108;-819
448;112;1;198.182313;16.489990;0.9154;strong;verse_3;107;108;-378
449;112;2;198.623492;10.371805;0.5145;medium;verse_3;108;108;63
450;112;3;199.064671;9.049417;0.4278;light;verse_3;108;108;505
451;112;4;199.505850;9.243057;0.4405;light;verse_3;108;108;946
452;113;1;199.970249;14.071308;0.7569;strong;verse_3;108;108;1410
453;113;2;200.388209;8.338028;0.3812;light;verse_3;108;109;-1172
454;113;3;200.782948;0.000000;0.0000;light;verse_3;108;109;-777
455;113;4;201.177687;0.000000;0.0000;light;verse_3;108;109;-382
456;114;1;201.549206;4.701325;0.1429;strong;verse_3;108;109;-11
457;114;2;201.967166;15.567814;0.8550;strong;verse_3;109;109;407
458;114;3;202.431565;10.121004;0.4980;medium;verse_3;109;109;872
459;114;4;202.872744;3.062497;0.0355;light;verse_3;109;109;1313
460;115;1;203.313923;11.878767;0.6132;strong;verse_3;109;110;-1246
461;115;2;203.755102;16.091709;0.8893;strong;verse_3;109;110;-805
462;115;3;204.196281;8.046730;0.3621;light;verse_3;109;110;-364
463;115;4;204.660680;7.872325;0.3507;light;verse_3;110;110;101
464;116;1;205.078639;14.044559;0.7552;strong;verse_3;110;110;519
465;116;2;205.543039;14.826485;0.8064;strong;verse_3;110;110;983
466;116;3;205.984218;13.995050;0.7519;medium;verse_3;110;111;-842
467;116;4;206.425397;11.548360;0.5916;medium;verse_3;110;111;-401
468;117;1;206.866576;9.732996;0.4726;strong;verse_3;111;111;41
469;117;2;207.307755;10.810869;0.5433;medium;verse_3;111;111;482
470;117;3;207.748934;11.506852;0.5889;medium;verse_3;111;111;923
471;117;4;208.213333;5.715560;0.2094;light;verse_3;111;112;-878
472;118;1;208.654512;3.594850;0.0704;strong;verse_3;111;112;-436
473;118;2;209.095692;3.854538;0.0874;light;verse_3;112;112;5
474;118;3;209.536871;7.606501;0.3333;light;verse_3;112;112;446
475;118;4;209.978050;7.782879;0.3448;light;verse_3;112;112;887
476;119;1;210.442449;10.230046;0.5052;strong;verse_3;112;113;-538
477;119;2;210.883628;5.148181;0.1722;light;verse_3;112;113;-96
478;119;3;211.301587;22.870903;1.0000;strong;verse_3;113;113;322
479;119;4;211.742766;9.915561;0.4846;medium;verse_3;113;113;763
480;120;1;212.183946;16.358425;0.9068;strong;verse_3;113;114;-1061
481;120;2;212.648345;14.020073;0.7536;medium;verse_3;113;114;-597
482;120;3;213.089524;13.668916;0.7305;medium;verse_3;113;114;-155
483;120;4;213.530703;16.149725;0.8931;strong;final_chorus;114;115;-29
484;121;1;213.971882;16.957668;0.9461;strong;final_chorus;115;115;412
485;121;2;214.413061;13.127081;0.6950;medium;final_chorus;115;116;-90
486;121;3;214.854240;12.706606;0.6675;medium;final_chorus;116;116;351
487;121;4;215.318639;10.543437;0.5257;medium;final_chorus;116;117;-128
488;122;1;215.759819;14.026440;0.7540;strong;final_chorus;117;117;313
489;122;2;216.200998;13.534471;0.7217;medium;final_chorus;117;118;-661
490;122;3;216.642177;13.914888;0.7467;medium;final_chorus;117;118;-220
491;122;4;217.083356;6.717430;0.2750;light;final_chorus;118;118;221
492;123;1;217.524535;14.795035;0.8043;strong;final_chorus;118;119;-186
493;123;2;217.965714;10.518393;0.5241;medium;final_chorus;119;119;255
494;123;3;218.430113;8.733047;0.4071;light;final_chorus;119;120;-130
495;123;4;218.871293;8.944548;0.4209;light;final_chorus;120;120;311
496;124;1;219.312472;8.277756;0.3773;strong;final_chorus;120;120;752
497;124;2;219.753651;11.890257;0.6140;medium;final_chorus;120;121;-350
498;124;3;220.194830;12.706888;0.6675;medium;final_chorus;121;121;91
499;124;4;220.659229;5.048443;0.1656;light;final_chorus;121;122;-475
500;125;1;221.077188;15.013355;0.8186;strong;final_chorus;121;122;-57
501;125;2;221.541587;9.316713;0.4453;light;final_chorus;122;122;408
502;125;3;221.982766;10.977308;0.5542;medium;final_chorus;122;123;-180
503;125;4;222.423946;7.210168;0.3073;light;final_chorus;123;123;261
504;126;1;222.865125;12.321401;0.6422;strong;final_chorus;123;123;702
505;126;2;223.306304;14.460897;0.7824;strong;final_chorus;123;124;-401
506;126;3;223.747483;12.556112;0.6576;medium;final_chorus;124;124;40
507;126;4;224.211882;7.841822;0.3487;light;final_chorus;124;125;-422
508;127;1;224.653061;12.949911;0.6834;strong;final_chorus;125;125;19
509;127;2;225.094240;11.242302;0.5715;medium;final_chorus;125;125;460
510;127;3;225.535420;12.055571;0.6248;medium;final_chorus;125;126;-25
511;127;4;225.976599;3.760615;0.0812;light;final_chorus;126;126;417
512;128;1;226.417778;8.352512;0.3822;strong;final_chorus;126;126;858
513;128;2;226.858957;13.585762;0.7251;medium;final_chorus;126;127;-621
514;128;3;227.300136;13.481432;0.7183;medium;final_chorus;126;127;-180
515;128;4;227.764535;10.350016;0.5131;medium;final_chorus;127;127;285
516;129;1;228.205714;12.818693;0.6748;strong;final_chorus;127;128;-474
517;129;2;228.646893;8.719137;0.4062;light;final_chorus;127;128;-33
518;129;3;229.088073;8.724384;0.4065;light;final_chorus;128;128;408
519;129;4;229.529252;7.125558;0.3017;light;final_chorus;128;129;-351
520;130;1;229.970431;11.276861;0.5738;strong;final_chorus;129;129;90
521;130;2;230.411610;7.832558;0.3481;light;final_chorus;129;129;532
522;130;3;230.852789;10.814750;0.5435;medium;final_chorus;129;130;-707
523;130;4;231.317188;4.185412;0.1091;light;final_chorus;129;130;-243
524;131;1;231.758367;14.690239;0.7975;strong;final_chorus;130;130;198
525;131;2;232.199546;11.408611;0.5824;medium;final_chorus;130;131;-178
526;131;3;232.640726;12.450035;0.6507;medium;final_chorus;131;131;263
527;131;4;233.081905;5.264218;0.1798;light;final_chorus;131;132;-114
528;132;1;233.523084;12.092576;0.6272;strong;final_chorus;132;132;327
529;132;2;233.987483;9.811114;0.4777;light;final_chorus;132;133;-573
530;132;3;234.428662;11.074976;0.5606;medium;final_chorus;132;133;-131
531;132;4;234.869841;6.933458;0.2892;light;final_chorus;133;133;310
532;133;1;235.334240;4.714587;0.1438;strong;final_chorus;133;133;774
533;133;2;235.775420;5.109652;0.1696;light;final_chorus;133;134;-842
534;133;3;236.216599;7.451378;0.3231;light;final_chorus;133;134;-400
535;133;4;236.657778;3.747084;0.0804;light;final_chorus;134;134;41
536;134;1;237.098957;4.602033;0.1364;strong;final_chorus;134;134;482
537;134;2;237.540136;11.481726;0.5872;medium;final_chorus;134;134;923
538;134;3;237.981315;9.649013;0.4671;light;final_chorus;134;135;-579
539;134;4;238.422494;4.597316;0.1361;light;final_chorus;134;135;-138
540;135;1;238.863673;16.564241;0.9203;strong;final_chorus;135;135;304
541;135;2;239.304853;10.829331;0.5445;medium;final_chorus;135;135;745
542;135;3;239.746032;7.095756;0.2998;light;final_chorus;135;135;1186
543;135;4;240.210431;4.837791;0.1518;light;final_chorus;135;136;-850
544;136;1;240.651610;6.673639;0.2721;strong;final_chorus;135;136;-408
545;136;2;241.092789;8.782196;0.4103;light;final_chorus;136;136;33
546;136;3;241.533968;2.664441;0.0094;light;final_chorus;136;136;474
547;136;4;241.975147;4.782839;0.1482;light;final_chorus;136;136;915
548;137;1;242.416327;2.614182;0.0061;strong;final_chorus;136;137;-1144
549;137;2;242.857506;6.710320;0.2745;light;final_chorus;136;137;-702
550;137;3;243.298685;13.417954;0.7141;medium;final_chorus;136;137;-261
551;137;4;243.763084;6.280972;0.2464;light;outro;137;137;203
552;138;1;244.204263;5.495909;0.1950;strong;outro;138;138;233
553;138;2;244.645442;9.834177;0.4792;light;outro;138;138;674
554;138;3;245.086621;12.273126;0.6391;medium;outro;138;138;1116
555;138;4;245.527800;1.506260;0.0000;light;outro;138;139;-1237
556;139;1;245.968980;11.138434;0.5647;strong;outro;138;139;-796
557;139;2;246.410159;10.945848;0.5521;medium;outro;138;139;-355
558;139;3;246.874558;11.341049;0.5780;medium;outro;139;139;110
559;139;4;247.315737;5.961298;0.2255;light;outro;139;139;551
560;140;1;247.756916;7.784079;0.3449;strong;outro;139;139;992
561;140;2;248.198095;11.501865;0.5885;medium;outro;139;140;-1362
562;140;3;248.639274;15.138414;0.8268;strong;outro;139;140;-921
563;140;4;249.103673;2.859776;0.0222;light;outro;139;140;-456
564;141;1;249.544853;6.551002;0.2641;strong;outro;139;140;-15
565;141;2;249.986032;8.059649;0.3630;light;outro;140;140;426
566;141;3;250.427211;12.429806;0.6493;medium;outro;140;140;867
567;141;4;250.868390;6.300555;0.2477;light;outro;140;140;1308
568;142;1;251.309569;10.364310;0.5140;strong;outro;140;140;1750
569;142;2;251.750748;8.451955;0.3887;light;outro;140;141;-1309
570;142;3;252.191927;14.849996;0.8079;strong;outro;140;141;-868
571;142;4;252.656327;5.573503;0.2000;light;outro;140;141;-404
572;143;1;253.097506;9.476147;0.4558;strong;outro;141;141;38
573;143;2;253.538685;12.636475;0.6629;medium;outro;141;141;479
574;143;3;253.979864;13.641726;0.7288;medium;outro;141;141;920
575;143;4;254.444263;5.200810;0.1756;light;outro;141;141;1384
576;144;1;254.885442;4.542177;0.1325;strong;outro;141;142;-1675
577;144;2;255.303401;9.089576;0.4305;light;outro;141;142;-1257
578;144;3;255.744580;13.372231;0.7111;medium;outro;141;142;-815
579;144;4;256.208980;8.619888;0.3997;light;outro;141;142;-351
580;145;1;256.650159;5.567471;0.1996;strong;dandi_spoken;142;142;90
581;145;2;257.091338;6.037642;0.2305;light;dandi_spoken;143;143;245
582;145;3;257.532517;5.763562;0.2125;light;dandi_spoken;143;143;687
583;145;4;257.973696;9.004218;0.4249;light;dandi_spoken;143;144;-586
584;146;1;258.414875;6.830089;0.2824;strong;dandi_spoken;143;144;-145
585;146;2;258.856054;0.958597;0.0000;light;dandi_spoken;144;144;296
586;146;3;259.320454;3.133633;0.0402;light;dandi_spoken;144;144;760
587;146;4;259.761633;16.437145;0.9119;strong;dandi_spoken;144;145;-741
588;147;1;260.202812;15.101320;0.8244;strong;dandi_spoken;144;145;-300
589;147;2;260.667211;0.000000;0.0000;light;dandi_spoken;145;145;164
590;147;3;261.108390;0.000000;0.0000;light;dandi_spoken;145;145;605
591;147;4;261.549569;0.386597;0.0000;light;dandi_spoken;145;146;-1010
592;148;1;261.990748;8.674875;0.4033;strong;dandi_spoken;145;146;-569
593;148;2;262.431927;8.764029;0.4091;light;dandi_spoken;145;146;-128
594;148;3;262.873107;8.938370;0.4205;light;fade;146;146;313
595;148;4;263.314286;4.728728;0.1447;light;fade;146;146;754
596;149;1;263.755465;7.220239;0.3080;strong;fade;146;146;1195
597;149;2;264.219864;6.278098;0.2462;light;fade;146;146;1660
598;149;3;264.661043;5.724079;0.2099;light;fade;146;146;2101
599;149;4;265.102222;6.815118;0.2814;light;fade;146;146;2542
600;150;1;265.543401;4.706423;0.1432;strong;fade;146;146;2983
601;150;2;265.984580;7.886210;0.3516;light;fade;146;146;3425
602;150;3;266.425760;14.009947;0.7529;medium;fade;146;146;3866
603;150;4;266.866939;12.831549;0.6757;medium;fade;146;146;4307
604;151;1;267.308118;19.282181;1.0000;strong;fade;146;147;-4277
605;151;2;267.749297;17.611982;0.9889;strong;fade;146;147;-3836
606;151;3;268.190476;13.222328;0.7013;medium;fade;146;147;-3395
607;151;4;268.654875;8.580757;0.3971;light;fade;146;147;-2930
608;152;1;269.096054;12.156069;0.6314;strong;fade;146;147;-2489
609;152;2;269.537234;14.290474;0.7713;medium;fade;146;147;-2048
610;152;3;269.978413;16.315392;0.9040;strong;fade;146;147;-1607
611;152;4;270.419592;8.710275;0.4056;light;fade;146;147;-1165
612;153;1;270.860771;16.078274;0.8884;strong;fade;146;147;-724
613;153;2;271.301950;17.776478;0.9997;strong;fade;146;147;-283
614;153;3;271.743129;12.562417;0.6580;medium;end;147;147;158
615;153;4;272.184308;19.183025;1.0000;strong;end;147;147;599
616;154;1;272.648707;4.897054;0.1557;strong;end;147;147;1064
617;154;2;273.089887;7.223630;0.3082;light;end;147;147;1505
618;154;3;273.531066;11.780407;0.6068;medium;end;147;147;1946
619;154;4;273.972245;0.000000;0.0000;light;end;147;147;2387
